{
    "distance_latent": 4.090304374694824,
    "distance_latent_matching": 2.280956745147705,
    "distance_latent_perturb": 2.6831999499355073,
    "original_distance": 4.006852592191187,
    "original_distance_perturb": 4.011589051398887,
    "data_keyword": "california"
}
