{
    "distance_latent": 6.149680137634277,
    "distance_latent_matching": 4.780663967132568,
    "distance_latent_perturb": 5.110691442351361,
    "original_distance": 8.0679294677004,
    "original_distance_perturb": 6.781272551625309,
    "data_keyword": "churn2"
}
