{
    "train": {
        "r2": 0.602727138408321,
        "rmse": 2.086185103035328
    },
    "val": {
        "r2": 0.5827152082152368,
        "rmse": 2.0181047500488267
    },
    "test": {
        "r2": 0.5681815329807962,
        "rmse": 1.9821963080281124
    }
}
