{
    "train": {
        "r2": 0.8983450186403286,
        "rmse": 0.3700353846719474
    },
    "val": {
        "r2": 0.814825509370807,
        "rmse": 0.4913689042828084
    },
    "test": {
        "r2": 0.8179791816918232,
        "rmse": 0.4871826400446338
    }
}
