{
    "train": {
        "acc": 0.8775,
        "f1": 0.7829553508150249,
        "roc_auc": 0.9075015831013857
    },
    "val": {
        "acc": 0.87125,
        "f1": 0.7725459669694787,
        "roc_auc": 0.8624038100374648
    },
    "test": {
        "acc": 0.8565,
        "f1": 0.742420591274879,
        "roc_auc": 0.8501228501228502
    }
}
