{
    "train": {
        "r2": 0.9024761470043952,
        "rmse": 3912.7190976240895
    },
    "val": {
        "r2": 0.8180545004962941,
        "rmse": 4944.519386191925
    },
    "test": {
        "r2": 0.792519904346094,
        "rmse": 5017.770384541473
    }
}
