{
    "lr": 0.0004048567928023165,
    "dropout": 0.33114116855117376,
    "weight_decay": 0.0,
    "d_layers": [
        128
    ]
}
