{
    "lr": 5.005855581409925e-05,
    "dropout": 0.4018292698702558,
    "weight_decay": 8.629369818381754e-06,
    "d_layers": [
        512,
        64,
        64,
        256
    ]
}
