{
    "lr": 0.0014053465165495156,
    "dropout": 0.4822795421961474,
    "weight_decay": 0.0023182378242983213,
    "d_layers": [
        128,
        64
    ]
}
