{
    "train": {
        "acc": 0.8768427518427518,
        "f1": 0.821852066876289,
        "roc_auc": 0.9331810300924457
    },
    "val": {
        "acc": 0.8599723629663749,
        "f1": 0.7977260313157661,
        "roc_auc": 0.9142857142857143
    },
    "test": {
        "acc": 0.856028499477919,
        "f1": 0.789497951918334,
        "roc_auc": 0.908913882088054
    }
}
