{
    "lr": 0.003904504932970342,
    "dropout": 0.21142089634055705,
    "weight_decay": 0.0,
    "d_layers": [
        1024,
        512
    ]
}
