{
    "lr": 0.0005279187973846071,
    "dropout": 0.1420247667198292,
    "weight_decay": 0.0,
    "d_layers": [
        128,
        256
    ]
}
