{
    "train": {
        "r2": 0.8957140759422251,
        "rmse": 4.324146331795806
    },
    "val": {
        "r2": 0.8254557338836291,
        "rmse": 5.378642637138041
    },
    "test": {
        "r2": 0.8131349077754811,
        "rmse": 5.684286755756645
    }
}
