{
    "lr": 5.036117714182244e-05,
    "dropout": 0.1781197767922844,
    "weight_decay": 0.0,
    "d_layers": [
        1024,
        256
    ]
}
