{
    "lr": 0.00038616752286213405,
    "dropout": 0.3011032548433697,
    "weight_decay": 0.0,
    "d_layers": [
        1024,
        1024,
        1024,
        64
    ]
}
