{
    "train": {
        "acc": 0.9640709085153529,
        "f1": 0.9649899342247104
    },
    "val": {
        "acc": 0.6715189873417722,
        "f1": 0.6342511795290041
    },
    "test": {
        "acc": 0.6516455696202532,
        "f1": 0.6107499201385764
    }
}
