{
    "train": {
        "r2": 0.8683868770569231,
        "rmse": 18905.010955783324
    },
    "val": {
        "r2": 0.7143437374759214,
        "rmse": 29176.19080082915
    },
    "test": {
        "r2": 0.6105142843648849,
        "rmse": 33532.18359697366
    }
}
