{
    "lr": 0.0006129390930700561,
    "dropout": 0.10839409188058653,
    "weight_decay": 0.0022022456533043588,
    "d_layers": [
        1024,
        256
    ]
}
