{
    "lr": 0.0009128704242737902,
    "dropout": 0.0,
    "weight_decay": 0.005990128325510115,
    "d_layers": [
        256
    ]
}
