{
    "distance_latent": 9.702727317810059,
    "distance_latent_matching": 9.30591106414795,
    "distance_latent_perturb": 9.38783527670341,
    "original_distance": 4.984013823160611,
    "original_distance_perturb": 4.9770731753426345,
    "data_keyword": "adult"
}
