{
    "distance_latent": 4.402528762817383,
    "distance_latent_matching": 3.344614028930664,
    "distance_latent_perturb": 3.5973894193193323,
    "original_distance": 5.028009519445479,
    "original_distance_perturb": 4.881469005753586,
    "data_keyword": "insurance"
}
