{
    "distance_latent": 3.881877899169922,
    "distance_latent_matching": 3.0244786739349365,
    "distance_latent_perturb": 3.196945211570324,
    "original_distance": 16.83896144385623,
    "original_distance_perturb": 16.65747095216544,
    "data_keyword": "abalone"
}
