{
    "distance_latent": 9.084183692932129,
    "distance_latent_matching": 7.54573917388916,
    "distance_latent_perturb": 7.831339806694705,
    "original_distance": 10.564751121565337,
    "original_distance_perturb": 10.563632995097342,
    "data_keyword": "house"
}
