{
    "distance_latent": 7.795592308044434,
    "distance_latent_matching": 6.724013328552246,
    "distance_latent_perturb": 6.930435800080476,
    "original_distance": 7.0141275170367505,
    "original_distance_perturb": 7.013604164034963,
    "data_keyword": "gesture"
}
