{
    "d_last": 0.22935722034942227,
    "steps": 0.20086502847792234,
    "d_first": 0.15597742568092773,
    "num_timesteps": 0.13191252745708068,
    "num_samples": 0.11993460303250982,
    "lr": 0.08819329437389696,
    "n_layers": 0.0737599006282403,
    "batch_size": 0.0
}
