{
    "distance_latent": 16.582517623901367,
    "distance_latent_matching": 15.84841537475586,
    "distance_latent_perturb": 16.001847141104474,
    "original_distance": 110520.2927135972,
    "original_distance_perturb": 110520.00356187917,
    "data_keyword": "fb-comments"
}
